{"cameraMode":{"drawMode":0,"name":"Shaded","section":"Shading Mode"},"sceneLighting":false,"audioPlay":false,"sceneViewState":{"showFog":true,"showMaterialUpdate":false,"showSkybox":false,"showFlares":true,"showImageEffects":true,"showParticleSystems":true},"in2DMode":false,"pivot":{"x":-0.02416229248046875,"y":-0.2727004289627075,"z":-1.5525318384170533},"rotation":{"x":-0.14768736064434052,"y":0.4317098557949066,"z":-0.07188650220632553,"w":-0.8869314789772034},"size":0.47862884402275088,"orthographic":false}