{"cameraMode":{"drawMode":0,"name":"Shaded","section":"Shading Mode"},"sceneLighting":true,"audioPlay":false,"sceneViewState":{"showFog":true,"showMaterialUpdate":false,"showSkybox":false,"showFlares":true,"showImageEffects":true,"showParticleSystems":true},"in2DMode":false,"pivot":{"x":-0.009380340576171875,"y":-0.008463382720947266,"z":-0.06991243362426758},"rotation":{"x":0.212754487991333,"y":-0.16324569284915925,"z":0.03607657551765442,"w":0.9626966714859009},"size":5.970296859741211,"orthographic":false}