{"cameraMode":{"drawMode":0,"name":"Shaded","section":"Shading Mode"},"sceneLighting":false,"audioPlay":false,"sceneViewState":{"showFog":true,"showMaterialUpdate":false,"showSkybox":true,"showFlares":true,"showImageEffects":true,"showParticleSystems":true},"in2DMode":false,"pivot":{"x":0.017380475997924806,"y":-16.928634643554689,"z":213.37327575683595},"rotation":{"x":0.053992729634046558,"y":-0.0029645822942256929,"z":0.00015825644368305802,"w":0.9985369443893433},"size":355.0339050292969,"orthographic":false}