{"cameraMode":{"drawMode":0,"name":"Shaded","section":"Shading Mode"},"sceneLighting":false,"audioPlay":false,"sceneViewState":{"showFog":true,"showMaterialUpdate":false,"showSkybox":false,"showFlares":true,"showImageEffects":true,"showParticleSystems":true},"in2DMode":false,"pivot":{"x":0.0000011920928955078126,"y":-0.5000056028366089,"z":0.0},"rotation":{"x":-0.14706754684448243,"y":-0.29087138175964358,"z":0.0453011654317379,"w":-0.9443054795265198},"size":18.740346908569337,"orthographic":false}