{"cameraMode":{"drawMode":0,"name":"Shaded","section":"Shading Mode"},"sceneLighting":false,"audioPlay":false,"sceneViewState":{"showFog":true,"showMaterialUpdate":false,"showSkybox":false,"showFlares":true,"showImageEffects":true,"showParticleSystems":true},"in2DMode":false,"pivot":{"x":4.000002861022949,"y":1.6764247417449952,"z":388.0},"rotation":{"x":-0.012252826243638993,"y":0.9822117686271668,"z":-0.17417259514331819,"w":-0.0690937340259552},"size":37.742801666259769,"orthographic":false}